{
  "roc_auc": 0.7745140589230616,
  "accuracy": 0.7592742360842505,
  "confusion_matrix": [
    [
      17729,
      4335
    ],
    [
      2511,
      3864
    ]
  ],
  "classification_report": {
    "No": {
      "precision": 0.8759387351778656,
      "recall": 0.8035261058738216,
      "f1-score": 0.8381713313161876,
      "support": 22064.0
    },
    "Yes": {
      "precision": 0.4712769849981705,
      "recall": 0.6061176470588235,
      "f1-score": 0.5302593659942363,
      "support": 6375.0
    },
    "accuracy": 0.7592742360842505,
    "macro avg": {
      "precision": 0.673607860088018,
      "recall": 0.7048218764663225,
      "f1-score": 0.6842153486552119,
      "support": 28439.0
    },
    "weighted avg": {
      "precision": 0.7852281385536679,
      "recall": 0.7592742360842505,
      "f1-score": 0.7691485534784493,
      "support": 28439.0
    }
  }
}