{
  "roc_auc": 0.9004378421419329,
  "accuracy": 0.8105066985477689,
  "confusion_matrix": [
    [
      17812,
      4252
    ],
    [
      1137,
      5238
    ]
  ],
  "classification_report": {
    "No": {
      "precision": 0.9399968336059951,
      "recall": 0.8072878897751994,
      "f1-score": 0.8686026381878916,
      "support": 22064.0
    },
    "Yes": {
      "precision": 0.5519494204425711,
      "recall": 0.8216470588235294,
      "f1-score": 0.6603214623384809,
      "support": 6375.0
    },
    "accuracy": 0.8105066985477689,
    "macro avg": {
      "precision": 0.7459731270242831,
      "recall": 0.8144674742993644,
      "f1-score": 0.7644620502631863,
      "support": 28439.0
    },
    "weighted avg": {
      "precision": 0.8530105732270498,
      "recall": 0.8105066985477689,
      "f1-score": 0.8219134966554892,
      "support": 28439.0
    }
  }
}